{
  "__type__": "cc.AnimationClip",
  "_name": "Front",
  "_objFlags": 0,
  "_native": "",
  "_duration": 0.6833333333333333,
  "sample": 60,
  "speed": 1,
  "wrapMode": 1,
  "curveData": {
    "comps": {
      "cc.Sprite": {
        "spriteFrame": [
          {
            "frame": 0,
            "value": {
              "__uuid__": "14eb718f-5675-4b0d-a9fd-85859ad02cb4"
            }
          },
          {
            "frame": 0.16666666666666666,
            "value": {
              "__uuid__": "7ca83bb0-4e97-42ff-aa31-946c56cd788d"
            }
          },
          {
            "frame": 0.3333333333333333,
            "value": {
              "__uuid__": "8e18b4d0-2ecc-49be-87d5-44bf69151c48"
            }
          },
          {
            "frame": 0.5,
            "value": {
              "__uuid__": "2ab1fcef-0637-4d5e-828c-a2692ca2e8c9"
            }
          },
          {
            "frame": 0.6666666666666666,
            "value": {
              "__uuid__": "14eb718f-5675-4b0d-a9fd-85859ad02cb4"
            }
          }
        ]
      }
    }
  },
  "events": []
}