{"B2.fire":"scene","f1.png":"texture","Character.prefab":"prefab","Back.anim":"animation-clip","Front.anim":"animation-clip","Left.anim":"animation-clip","Right.anim":"animation-clip","Player.js":"javascript","b1.png":"texture","b2.png":"texture","b3.png":"texture","b4.png":"texture","f2.png":"texture","f3.png":"texture","f4.png":"texture","l1.png":"texture","l2.png":"texture","l3.png":"texture","l4.png":"texture","r1.png":"texture","r2.png":"texture","r3.png":"texture","r4.png":"texture","darkness.png":"texture","4-B2.tmx":"tiled-map","map_source.png":"texture"}