{
  "__type__": "cc.AnimationClip",
  "_name": "Back",
  "_objFlags": 0,
  "_native": "",
  "_duration": 0.6833333333333333,
  "sample": 60,
  "speed": 1,
  "wrapMode": 1,
  "curveData": {
    "comps": {
      "cc.Sprite": {
        "spriteFrame": [
          {
            "frame": 0,
            "value": {
              "__uuid__": "82e60dda-07f5-4123-b650-c16e8d727b27"
            }
          },
          {
            "frame": 0.16666666666666666,
            "value": {
              "__uuid__": "6b08ddc9-bedf-4540-9577-3ac4be2c7b01"
            }
          },
          {
            "frame": 0.3333333333333333,
            "value": {
              "__uuid__": "bb1e873e-5c7c-4b76-a7ff-4ff0f8b89d93"
            }
          },
          {
            "frame": 0.5,
            "value": {
              "__uuid__": "5ab9513d-4ced-437f-a38a-edf837d99699"
            }
          },
          {
            "frame": 0.6666666666666666,
            "value": {
              "__uuid__": "82e60dda-07f5-4123-b650-c16e8d727b27"
            }
          }
        ]
      }
    }
  },
  "events": []
}