{
  "__type__": "cc.JsonAsset",
  "_name": "&asset&type&",
  "_objFlags": 0,
  "_native": "",
  "json": {
    "key.png": "texture",
    "f2.png": "texture",
    "f1.png": "texture",
    "Player.js": "javascript",
    "Back.anim": "animation-clip",
    "Front.anim": "animation-clip",
    "Left.anim": "animation-clip",
    "Right.anim": "animation-clip",
    "b1.png": "texture",
    "b2.png": "texture",
    "b3.png": "texture",
    "b4.png": "texture",
    "Character.prefab": "prefab",
    "f3.png": "texture",
    "f4.png": "texture",
    "l1.png": "texture",
    "l2.png": "texture",
    "l3.png": "texture",
    "l4.png": "texture",
    "r1.png": "texture",
    "r2.png": "texture",
    "r3.png": "texture",
    "r4.png": "texture",
    "axe.png": "texture",
    "book.png": "texture",
    "card3.png": "texture",
    "ACard.jpg": "texture",
    "BCard.jpg": "texture",
    "star.png": "texture",
    "DoorOpen.anim": "animation-clip",
    "door1.png": "texture",
    "door2.png": "texture",
    "door3.png": "texture",
    "door4.png": "texture",
    "F5.prefab": "prefab",
    "4-F5.tmx": "tiled-map",
    "map_source.png": "texture",
    "map_source.tsx": "text",
    "F5.fire": "scene",
    "Bag.js": "javascript",
    "ReceiveMessage-F5.js": "javascript",
    "SendMessage.js": "javascript"
  }
}