{
  "version": "1.1.1",
  "windows": {
    "main": {
      "main": true,
      "url": "app://editor/index.html",
      "windowType": "dockable",
      "x": 0,
      "y": 0,
      "width": 1536,
      "height": 824,
      "layout": {
        "children": [
          {
            "children": [
              {
                "active": 0,
                "children": [
                  "hierarchy"
                ],
                "height": 352.1000061035156,
                "type": "panel",
                "width": 204.0500030517578
              },
              {
                "active": 0,
                "children": [
                  "assets"
                ],
                "height": 353.1000061035156,
                "type": "panel",
                "width": 204.0500030517578
              }
            ],
            "height": 707.2000122070312,
            "type": "dock-v",
            "width": 204.0500030517578
          },
          {
            "children": [
              {
                "children": [
                  {
                    "active": 0,
                    "children": [
                      "scene"
                    ],
                    "height": 439.125,
                    "type": "panel",
                    "width": 744.2000122070312
                  },
                  {
                    "active": 0,
                    "children": [
                      "node-library"
                    ],
                    "height": 439.125,
                    "type": "panel",
                    "width": 264.07501220703125
                  }
                ],
                "height": 439.125,
                "type": "dock-h",
                "width": 1010.2625122070312
              },
              {
                "active": 0,
                "children": [
                  "console",
                  "timeline",
                  "game-window"
                ],
                "height": 266.07501220703125,
                "type": "panel",
                "width": 1010.2625122070312
              }
            ],
            "height": 707.2000122070312,
            "type": "dock-v",
            "width": 1010.2625122070312
          },
          {
            "active": 0,
            "children": [
              "inspector",
              "cocos-services"
            ],
            "height": 707.2000122070312,
            "type": "panel",
            "width": 304.07501220703125
          }
        ],
        "type": "dock-h"
      },
      "panels": [
        "hierarchy",
        "assets",
        "node-library",
        "console",
        "timeline",
        "game-window",
        "inspector",
        "cocos-services",
        "scene"
      ]
    },
    "worker": {}
  },
  "panels": {
    "package-asset.import": {
      "x": 548,
      "y": 216,
      "width": 520,
      "height": 584
    },
    "project-settings": {
      "x": 468,
      "y": 128,
      "width": 604,
      "height": 568
    }
  }
}