{
  "__type__": "cc.AnimationClip",
  "_name": "Left",
  "_objFlags": 0,
  "_native": "",
  "_duration": 0.6833333333333333,
  "sample": 60,
  "speed": 1,
  "wrapMode": 1,
  "curveData": {
    "comps": {
      "cc.Sprite": {
        "spriteFrame": [
          {
            "frame": 0,
            "value": {
              "__uuid__": "a29fb53b-23a3-430f-96b2-5d4f6d62b0e3"
            }
          },
          {
            "frame": 0.16666666666666666,
            "value": {
              "__uuid__": "8dd70aa1-b25f-4be6-bc9a-916010e86dea"
            }
          },
          {
            "frame": 0.3333333333333333,
            "value": {
              "__uuid__": "2cfedcc4-c121-4dcf-a748-f08f5a260eb5"
            }
          },
          {
            "frame": 0.5,
            "value": {
              "__uuid__": "f4ce1a28-9d9e-426f-831e-05337818353a"
            }
          },
          {
            "frame": 0.6666666666666666,
            "value": {
              "__uuid__": "a29fb53b-23a3-430f-96b2-5d4f6d62b0e3"
            }
          }
        ]
      }
    }
  },
  "events": []
}