{
  "__type__": "cc.AnimationClip",
  "_name": "Right",
  "_objFlags": 0,
  "_native": "",
  "_duration": 0.6833333333333333,
  "sample": 60,
  "speed": 1,
  "wrapMode": 1,
  "curveData": {
    "comps": {
      "cc.Sprite": {
        "spriteFrame": [
          {
            "frame": 0,
            "value": {
              "__uuid__": "d8a1882c-c7c2-4f24-a54b-1dc4c5711d23"
            }
          },
          {
            "frame": 0.16666666666666666,
            "value": {
              "__uuid__": "6765ecb6-934c-4275-a6e4-054d59e465e3"
            }
          },
          {
            "frame": 0.3333333333333333,
            "value": {
              "__uuid__": "284b9337-bcf5-4c29-b9f2-edb7309dd5f7"
            }
          },
          {
            "frame": 0.5,
            "value": {
              "__uuid__": "19d4878f-a998-48c0-905f-93404085c96f"
            }
          },
          {
            "frame": 0.6666666666666666,
            "value": {
              "__uuid__": "d8a1882c-c7c2-4f24-a54b-1dc4c5711d23"
            }
          }
        ]
      }
    }
  },
  "events": []
}