{
  "9836134e-b892-4283-b6b2-78b5acf3ed45": {
    "asset": 1575025887089,
    "meta": 1571803370000,
    "relativePath": "effects"
  },
  "f8e6b000-5643-4b86-9080-aa680ce1f599": {
    "asset": 1575025887654,
    "meta": 1571803370000,
    "relativePath": "image"
  },
  "5c3eedba-6c41-4c0c-9ba7-d91f813cbd1c": {
    "asset": 1575025887744,
    "meta": 1571803370000,
    "relativePath": "materials"
  },
  "fc09f9bd-2cce-4605-b630-8145ef809ed6": {
    "asset": 1575025887810,
    "meta": 1571803370000,
    "relativePath": "misc"
  },
  "db019bf7-f71c-4111-98cf-918ea180cb48": {
    "asset": 1575025888129,
    "meta": 1571803370000,
    "relativePath": "model"
  },
  "e39e96e6-6f6e-413f-bcf1-ac7679bb648a": {
    "asset": 1575025888042,
    "meta": 1571803370000,
    "relativePath": "model\\prefab"
  },
  "f6e6dd15-71d1-4ffe-ace7-24fd39942c05": {
    "asset": 1575025888276,
    "meta": 1571803370000,
    "relativePath": "obsolete"
  },
  "f743d2b6-b7ea-4c14-a55b-547ed4d0a045": {
    "asset": 1575025888426,
    "meta": 1571803370000,
    "relativePath": "particle"
  },
  "ae6c6c98-11e4-452f-8758-75f5c6a56e83": {
    "asset": 1575025889645,
    "meta": 1571803370000,
    "relativePath": "prefab"
  },
  "d8afc78c-4eac-4a9f-83dd-67bc70344d33": {
    "asset": 1575025890243,
    "meta": 1571803370000,
    "relativePath": "resources"
  },
  "294c1663-4adf-4a1e-a795-53808011a38a": {
    "asset": 1575025889947,
    "meta": 1571803370000,
    "relativePath": "resources\\effects"
  },
  "bbee2217-c261-49bd-a8ce-708d6bcc3500": {
    "asset": 1575025890216,
    "meta": 1571803370000,
    "relativePath": "resources\\materials"
  },
  "b38eacbe-f8b1-4db7-a830-788f8a59b370": {
    "asset": 1576909164770,
    "meta": 1576913518997,
    "relativePath": "Dialog"
  },
  "c90ff0ce-30ac-408a-8632-88bac9e4b209": {
    "asset": 1576758854980,
    "meta": 1576920611406,
    "relativePath": "chara.zip"
  },
  "ace20a53-2ec9-4817-9cad-effe896d6506": {
    "asset": 1576909164668,
    "meta": 1487654582566,
    "relativePath": "Dialog\\prefab"
  },
  "af89e980-764f-4f46-b4c3-390facd7f695": {
    "asset": 1576909164697,
    "meta": 1487654582954,
    "relativePath": "Dialog\\prefab\\UI"
  },
  "5a15f8d2-ed38-45b1-8129-a194171dc5af": {
    "asset": 1576913454994,
    "meta": 1576920611411,
    "relativePath": "Dialog.rar"
  },
  "d6197bc6-614d-4ab2-a12f-14e616a84101": {
    "asset": 1576770693970,
    "meta": 1576920611422,
    "relativePath": "Dialog\\prefab\\UI\\MDdefaultBtn.prefab"
  },
  "a2d6bf8c-9012-4548-bd51-2c04e422bf94": {
    "asset": 1576770693970,
    "meta": 1576920611424,
    "relativePath": "Dialog\\prefab\\UI\\MDimgItem.prefab"
  },
  "bcd38c78-8cd1-4c97-8ce0-082135246453": {
    "asset": 1576778545940,
    "meta": 1576920611795,
    "relativePath": "Dialog\\prefab\\UI\\moduleDialog.js"
  },
  "540a8973-2a78-499b-b03d-bba3cb8371f0": {
    "asset": 1576770694400,
    "meta": 1576920611811,
    "relativePath": "Dialog\\prefab\\UI\\MDtextItme.prefab"
  },
  "7f710928-a9e5-4695-9ae4-cf01cfb68873": {
    "asset": 1576770694400,
    "meta": 1576920611827,
    "relativePath": "Dialog\\prefab\\UI\\moduleDialog.prefab"
  },
  "25384ca9-80e4-49ab-b56d-fea2c9e5d97f": {
    "asset": 1576909164726,
    "meta": 1487654583213,
    "relativePath": "Dialog\\texture"
  },
  "303df8fc-d6b4-4d4b-8b9b-55e8d7201ca8": {
    "asset": 1576909164722,
    "meta": 1487654583213,
    "relativePath": "Dialog\\texture\\button"
  },
  "c77183a1-5f4e-4d72-9f3f-6d97bafed313": {
    "asset": 1576846747267,
    "meta": 1576920611840,
    "relativePath": "Dialog\\prefab\\UI\\resizeDialog.prefab"
  },
  "2d4a9f30-379d-4e24-95bc-0eee9117671a": {
    "asset": 1576909164765,
    "meta": 1487654583292,
    "relativePath": "Dialog\\texture\\scale9sprite"
  },
  "19b900ae-a172-4773-8278-ef51927daf38": {
    "asset": 1465721392672,
    "meta": 1576920611909,
    "relativePath": "Dialog\\texture\\button\\BT_minus.png"
  },
  "205edff7-d594-4198-8cf7-2d59cc18b6cb": {
    "asset": 1465897122117,
    "meta": 1576920611913,
    "relativePath": "Dialog\\texture\\scale9sprite\\001_noBottom.png"
  },
  "95faf2b4-befe-4d87-8c6d-5f5fdedc3550": {
    "asset": 1465896883367,
    "meta": 1576920611946,
    "relativePath": "Dialog\\texture\\scale9sprite\\001_noShadow.png"
  },
  "d78b7125-0a0c-41de-8eea-dd2fd2b1960d": {
    "asset": 1465721392750,
    "meta": 1576920611950,
    "relativePath": "Dialog\\texture\\scale9sprite\\001.png"
  },
  "084d5851-299c-429d-9bc1-e9b8ec37b7fd": {
    "asset": 1465721392750,
    "meta": 1576920611990,
    "relativePath": "Dialog\\texture\\scale9sprite\\002.png"
  },
  "f1d05588-147b-49cd-966d-18c7fd294cb8": {
    "asset": 1465721392750,
    "meta": 1576920612027,
    "relativePath": "Dialog\\texture\\scale9sprite\\004.png"
  },
  "f9530592-cbf8-4ac0-a3af-93b153a63d66": {
    "asset": 1465721392750,
    "meta": 1576920612037,
    "relativePath": "Dialog\\texture\\scale9sprite\\003.png"
  },
  "70692851-c27a-4594-a9fd-d925a800ca41": {
    "asset": 1465721392750,
    "meta": 1576920612058,
    "relativePath": "Dialog\\texture\\scale9sprite\\005.png"
  },
  "90c71d95-d88c-4185-975e-5757acec6e74": {
    "asset": 1465887102139,
    "meta": 1576920612069,
    "relativePath": "Dialog\\texture\\scale9sprite\\006.png"
  },
  "a812123d-a17b-461c-b6c5-fe996da06823": {
    "asset": 1576931383824,
    "meta": 1576735202345,
    "relativePath": "res"
  },
  "7dbb4c83-11a7-4db5-81f6-7742aaf5957f": {
    "asset": 1576917225974,
    "meta": 1576920612615,
    "relativePath": "res\\Ghost.tmx"
  },
  "59169cb5-ab3c-4829-8525-8d33b97bc4c8": {
    "asset": 1576650538000,
    "meta": 1576920612291,
    "relativePath": "res\\PP.js"
  },
  "e4db4868-ca30-4969-92cd-c8effac8e7f6": {
    "asset": 1576737009087,
    "meta": 1576737011918,
    "relativePath": "res\\图书馆"
  },
  "0b5c751f-54e2-424a-a620-4165bf80b2ff": {
    "asset": 1573616463733,
    "meta": 1576920612329,
    "relativePath": "res\\图书馆\\书架顶部.png"
  },
  "f7f529b2-4872-4d6e-b502-3ef0da282a70": {
    "asset": 1572009548000,
    "meta": 1576920612390,
    "relativePath": "res\\图书馆\\建筑01.png"
  },
  "7f846bc7-ac1e-4cbc-9392-4ba89ad6e951": {
    "asset": 1571752606000,
    "meta": 1576920612427,
    "relativePath": "res\\图书馆\\树1.png"
  },
  "cde74a51-ebd0-445a-95f2-a9acea02fa6e": {
    "asset": 1571755436000,
    "meta": 1576920612476,
    "relativePath": "res\\图书馆\\铺地.png"
  },
  "29f52784-2fca-467b-92e7-8fd9ef8c57b7": {
    "asset": 1576919685385,
    "meta": 1576734848085,
    "relativePath": "Scene"
  },
  "674ed819-0740-4385-8ac6-0e5b65855eec": {
    "asset": 1576915499423,
    "meta": 1576920612482,
    "relativePath": "Scene\\Fail.fire"
  },
  "b0a81c4a-795d-4956-8a5f-975a64f89cfb": {
    "asset": 1576916796952,
    "meta": 1576920612487,
    "relativePath": "Scene\\Test.fire"
  },
  "4734c20c-0db8-4eb2-92ea-e692f4d70934": {
    "asset": 1576997206487,
    "meta": 1576734848085,
    "relativePath": "Script"
  },
  "9e85a8b5-3672-434c-bcf2-bdb456027d2e": {
    "asset": 1573628382314,
    "meta": 1576920612547,
    "relativePath": "res\\图书馆\\建筑02.png"
  },
  "7b81d4e8-ec84-4716-968d-500ac1d78a54": {
    "asset": 1576735863491,
    "meta": 1576734848085,
    "relativePath": "Texture"
  },
  "f7bb8fd7-711c-4cfe-b1b5-a2a51c0551d9": {
    "asset": 1576920405875,
    "meta": 1576920612556,
    "relativePath": "testchara.zip"
  },
  "a8027877-d8d6-4645-97a0-52d4a0123dba": {
    "asset": 1576734848121,
    "meta": 1576920612575,
    "relativePath": "Texture\\singleColor.png"
  },
  "6aa0aa6a-ebee-4155-a088-a687a6aadec4": {
    "asset": 1576734848122,
    "meta": 1576920612596,
    "relativePath": "Texture\\HelloWorld.png"
  },
  "8cfd0aa9-1f4d-4e41-b413-ce6be9287b32": {
    "asset": 1576920677126,
    "meta": 1576920677124,
    "relativePath": "F5"
  },
  "cf089999-4320-473e-a3e0-4685759563c2": {
    "asset": 1576920677168,
    "meta": 1576890018000,
    "relativePath": "F5\\res"
  },
  "2f968451-cb34-4589-827c-885bb0b4e886": {
    "asset": 1576920677190,
    "meta": 1576920677129,
    "relativePath": "F5\\res\\B1"
  },
  "37e9b3b7-c66c-4cbf-ad48-068332e8a2a6": {
    "asset": 1576890018000,
    "meta": 1576920678577,
    "relativePath": "F5\\&asset&type&.json"
  },
  "547d8532-4f59-44e2-a44a-580ab515a3f2": {
    "asset": 1576920677198,
    "meta": 1576920677131,
    "relativePath": "F5\\res\\B1\\pic"
  },
  "ee7f56c2-fe1f-4a0b-af7e-4d0e35784a87": {
    "asset": 1576920677202,
    "meta": 1576920677134,
    "relativePath": "F5\\res\\CharacterPreb"
  },
  "98a74467-8b63-4d50-9196-a15fb106720e": {
    "asset": 1576920677213,
    "meta": 1576920677135,
    "relativePath": "F5\\res\\CharacterPreb\\res"
  },
  "a898781f-ad28-4663-bf81-61b4d4cdb46c": {
    "asset": 1576920677208,
    "meta": 1576920677136,
    "relativePath": "F5\\res\\CharacterPreb\\res\\character_fold"
  },
  "ee9644ab-7442-45eb-9ec6-cb60307e7b82": {
    "asset": 1576890018000,
    "meta": 1576920678621,
    "relativePath": "F5\\res\\CharacterPreb\\res\\character_fold\\b1.png"
  },
  "9728d347-8332-4590-a653-6981076568ff": {
    "asset": 1576890018000,
    "meta": 1576920678649,
    "relativePath": "F5\\res\\B1\\pic\\key.png"
  },
  "33d70a13-b06f-480f-9581-31310505cc12": {
    "asset": 1576890018000,
    "meta": 1576920678658,
    "relativePath": "F5\\res\\CharacterPreb\\res\\character_fold\\b2.png"
  },
  "cdf09fce-da73-437a-9949-f6e7ab841c72": {
    "asset": 1576890018000,
    "meta": 1576920678688,
    "relativePath": "F5\\res\\CharacterPreb\\res\\character_fold\\b3.png"
  },
  "319f9bb3-635d-4387-9d2e-222728e38d4e": {
    "asset": 1576890018000,
    "meta": 1576920678693,
    "relativePath": "F5\\res\\CharacterPreb\\res\\character_fold\\Back.anim"
  },
  "203d2980-c65c-4b2b-ab88-0ca2dc6445d2": {
    "asset": 1576890018000,
    "meta": 1576920678697,
    "relativePath": "F5\\res\\CharacterPreb\\res\\character_fold\\b4.png"
  },
  "ce004075-e90e-423f-a11c-8a361cc7b6f8": {
    "asset": 1576890018000,
    "meta": 1576920678702,
    "relativePath": "F5\\res\\CharacterPreb\\res\\character_fold\\Character.prefab"
  },
  "fccfd1d0-19d9-4189-b258-f6110191f388": {
    "asset": 1576890018000,
    "meta": 1576920678731,
    "relativePath": "F5\\res\\CharacterPreb\\res\\character_fold\\f1.png"
  },
  "d1ff888c-61a9-44af-a81c-ae5489deaf1e": {
    "asset": 1576890018000,
    "meta": 1576920678735,
    "relativePath": "F5\\res\\CharacterPreb\\res\\character_fold\\f2.png"
  },
  "3233d54d-b6f9-41c8-b160-db429f02fb50": {
    "asset": 1576890018000,
    "meta": 1576920678763,
    "relativePath": "F5\\res\\CharacterPreb\\res\\character_fold\\f3.png"
  },
  "933e8bc4-eb7c-4b4c-8362-c0d1974d8ce0": {
    "asset": 1576890018000,
    "meta": 1576920678767,
    "relativePath": "F5\\res\\CharacterPreb\\res\\character_fold\\Front.anim"
  },
  "956ee47a-f4d3-432b-9e25-1f0dd4b680a1": {
    "asset": 1576890018000,
    "meta": 1576920678770,
    "relativePath": "F5\\res\\CharacterPreb\\res\\character_fold\\f4.png"
  },
  "6ef6e79b-1c10-4b99-9448-d525841b921d": {
    "asset": 1576890018000,
    "meta": 1576920678803,
    "relativePath": "F5\\res\\CharacterPreb\\res\\character_fold\\l2.png"
  },
  "67c118c9-234d-4e71-a36a-268cc358385a": {
    "asset": 1576890018000,
    "meta": 1576920678805,
    "relativePath": "F5\\res\\CharacterPreb\\res\\character_fold\\l1.png"
  },
  "b2952116-d461-4580-a9a3-59e86d22d33d": {
    "asset": 1576890018000,
    "meta": 1576920678834,
    "relativePath": "F5\\res\\CharacterPreb\\res\\character_fold\\l3.png"
  },
  "6ea362c5-218b-4d73-bc0d-415b9e0caf6b": {
    "asset": 1576890018000,
    "meta": 1576920678839,
    "relativePath": "F5\\res\\CharacterPreb\\res\\character_fold\\l4.png"
  },
  "975f0c1e-f980-4f44-a94b-c1c4b535c837": {
    "asset": 1576890018000,
    "meta": 1576920678984,
    "relativePath": "F5\\res\\CharacterPreb\\res\\character_fold\\Left.anim"
  },
  "291735cb-9ec6-448d-aa3b-250fcca3dae3": {
    "asset": 1576890018000,
    "meta": 1576920678986,
    "relativePath": "F5\\res\\CharacterPreb\\res\\character_fold\\Player.js"
  },
  "87cdb56c-acc1-4be2-bd87-5eb9d64f3f90": {
    "asset": 1576890018000,
    "meta": 1576920679034,
    "relativePath": "F5\\res\\CharacterPreb\\res\\character_fold\\r1.png"
  },
  "9a81a4f1-b56a-4f3e-93f9-396457ff02df": {
    "asset": 1576890018000,
    "meta": 1576920679038,
    "relativePath": "F5\\res\\CharacterPreb\\res\\character_fold\\r2.png"
  },
  "04fb9448-64e2-462e-a6b0-799cac6b7571": {
    "asset": 1576890018000,
    "meta": 1576920679079,
    "relativePath": "F5\\res\\CharacterPreb\\res\\character_fold\\r4.png"
  },
  "0a1b422b-b3d7-4d64-93ae-8ed42dc7c36f": {
    "asset": 1576890018000,
    "meta": 1576920679083,
    "relativePath": "F5\\res\\CharacterPreb\\res\\character_fold\\r3.png"
  },
  "50ca8a06-a3c7-4b32-9dfd-324cd732cdc3": {
    "asset": 1576920677218,
    "meta": 1576920677149,
    "relativePath": "F5\\res\\F1"
  },
  "f09a5281-c74c-4332-acea-cd9bd8946421": {
    "asset": 1576920677223,
    "meta": 1576920677150,
    "relativePath": "F5\\res\\F1\\pic"
  },
  "842c1b9e-da73-47b5-84b7-e69c394be1c7": {
    "asset": 1576890018000,
    "meta": 1576920679090,
    "relativePath": "F5\\res\\CharacterPreb\\res\\character_fold\\Right.anim"
  },
  "c13f1d5c-f4f2-4671-8140-8f125ae4a5a5": {
    "asset": 1576890018000,
    "meta": 1576920679127,
    "relativePath": "F5\\res\\F1\\pic\\axe.png"
  },
  "1d0205ad-ac5b-4176-90d8-8c93b6b021f9": {
    "asset": 1576890018000,
    "meta": 1576920679164,
    "relativePath": "F5\\res\\F1\\pic\\card3.png"
  },
  "8928cb4a-38a4-4508-8f13-6a669bdd2912": {
    "asset": 1576920677226,
    "meta": 1576920677153,
    "relativePath": "F5\\res\\F2"
  },
  "b2534afe-481e-4d92-be7e-eab0c4347263": {
    "asset": 1576920677230,
    "meta": 1576920677154,
    "relativePath": "F5\\res\\F2\\pic"
  },
  "0ce02a12-27b7-4b9c-ac4e-d32b7606f46c": {
    "asset": 1576890018000,
    "meta": 1576920679207,
    "relativePath": "F5\\res\\F1\\pic\\book.png"
  },
  "aab2cbe4-8406-4901-8d84-3dfa2f601329": {
    "asset": 1576890018000,
    "meta": 1576920679210,
    "relativePath": "F5\\res\\F2\\pic\\ACard.jpg"
  },
  "40791139-cafb-47cd-84f4-7e58790df65b": {
    "asset": 1576920677234,
    "meta": 1576920677157,
    "relativePath": "F5\\res\\F3"
  },
  "08a57c93-2705-42ba-b5fe-1f8956509d4c": {
    "asset": 1576920677237,
    "meta": 1576920677158,
    "relativePath": "F5\\res\\F3\\pic"
  },
  "7d3c2da7-7538-48ec-9bd7-f70d960f1dfa": {
    "asset": 1576890018000,
    "meta": 1576920679243,
    "relativePath": "F5\\res\\F3\\pic\\BCard.jpg"
  },
  "be8a7517-8e49-4ddd-b64f-1986066522ea": {
    "asset": 1576920677242,
    "meta": 1576920677160,
    "relativePath": "F5\\res\\F5"
  },
  "669722af-43e2-4f2d-b35d-b5df53492b54": {
    "asset": 1576920677247,
    "meta": 1576920677161,
    "relativePath": "F5\\res\\F5\\pic"
  },
  "b62e495f-3909-4aa6-bfe7-e3721d9fbc31": {
    "asset": 1576890018000,
    "meta": 1576920679258,
    "relativePath": "F5\\res\\F3\\pic\\star.png"
  },
  "93bf0d73-77bb-4a11-a85c-72b0a82d69d4": {
    "asset": 1576890018000,
    "meta": 1576920679275,
    "relativePath": "F5\\res\\F5\\pic\\door1.png"
  },
  "0dac74c2-f3c2-4cae-ad63-02f179538cb1": {
    "asset": 1576890018000,
    "meta": 1576920679292,
    "relativePath": "F5\\res\\F5\\pic\\door2.png"
  },
  "53d98a7f-3cb1-4a55-983c-032b12a0e4e5": {
    "asset": 1576890018000,
    "meta": 1576920679314,
    "relativePath": "F5\\res\\F5\\pic\\door3.png"
  },
  "ff2e9df4-a96c-460d-ac58-6d9882d7b130": {
    "asset": 1576890018000,
    "meta": 1576920679319,
    "relativePath": "F5\\res\\F5\\pic\\DoorOpen.anim"
  },
  "8f31cdf1-165c-44ef-a0a7-6bc263855d3a": {
    "asset": 1576890018000,
    "meta": 1576920679325,
    "relativePath": "F5\\res\\F5\\pic\\door4.png"
  },
  "eda7075b-5277-411f-9b6c-fee34ba2ca8b": {
    "asset": 1576890018000,
    "meta": 1576920679379,
    "relativePath": "F5\\res\\F5\\pic\\key.png"
  },
  "15c3cefa-76dd-4194-8a6c-a4dccdcc6d77": {
    "asset": 1576890018000,
    "meta": 1576920679384,
    "relativePath": "F5\\res\\F5\\pic\\star.png"
  },
  "d0dbcdf0-8dd1-4310-97bb-677c859948a5": {
    "asset": 1576920677252,
    "meta": 1576920677166,
    "relativePath": "F5\\res\\F5\\各层道具及切换点"
  },
  "170f8db4-4485-434c-9088-e3a00a752c7e": {
    "asset": 1576930229005,
    "meta": 1576920677168,
    "relativePath": "F5\\res\\Maps of BeiGuan"
  },
  "7be70ce0-3042-471e-a983-7c97ad71dad1": {
    "asset": 1576890018000,
    "meta": 1576920679391,
    "relativePath": "F5\\res\\F5\\各层道具及切换点\\F5.prefab"
  },
  "da5ab3a6-de37-4069-8dac-027c61d8b27d": {
    "asset": 1576890018000,
    "meta": 1576920679401,
    "relativePath": "F5\\res\\Maps of BeiGuan\\map_source.tsx"
  },
  "29bc744f-1077-4a33-a322-29f41e74af7b": {
    "asset": 1576920672902,
    "meta": 1576890018000,
    "relativePath": "F5\\scenes"
  },
  "c0d0eaf4-561e-4747-b261-6bb87dac9640": {
    "asset": 1576939533427,
    "meta": 1576890018000,
    "relativePath": "F5\\scripts"
  },
  "9c674e76-3123-4c44-86a0-ca655f275268": {
    "asset": 1576890018000,
    "meta": 1576920679507,
    "relativePath": "F5\\scripts\\ReceiveMessage-F5.js"
  },
  "01041404-e1ec-4fa8-b2fd-34082ade4018": {
    "asset": 1576890018000,
    "meta": 1576920679523,
    "relativePath": "F5\\scripts\\SendMessage.js"
  },
  "9bab3037-3d88-404a-8901-e58c5e5084c1": {
    "asset": 1576890018000,
    "meta": 1576920679610,
    "relativePath": "F5\\res\\Maps of BeiGuan\\map_source.png"
  },
  "6f04c357-f849-4fe3-b67c-7495cfc2a878": {
    "asset": 1576931383813,
    "meta": 1576931384851,
    "relativePath": "res\\ghost.png"
  },
  "ce610659-8b5f-4797-b5e7-85e2dacbda36": {
    "asset": 1576939533421,
    "meta": 1576939549514,
    "relativePath": "F5\\scripts\\Bag.js"
  },
  "b649d3fb-995c-46f6-abf9-eeacec7365cd": {
    "asset": 1577106724393,
    "meta": 1577106724416,
    "relativePath": "F5\\scenes\\F5.fire"
  },
  "9009f21f-01f6-4622-8610-08d20eedb63c": {
    "asset": 1577094960622,
    "meta": 1577094965606,
    "relativePath": "Script\\PlayerCollide.js"
  },
  "976338e0-a3b6-46a0-885e-58a8ecb8e881": {
    "asset": 1577095011360,
    "meta": 1577095014260,
    "relativePath": "Script\\Failure.js"
  },
  "7bf5cb96-17bf-404d-97b7-5949a29ad79e": {
    "asset": 1577095657862,
    "meta": 1577095660574,
    "relativePath": "Script\\Enemy2.js"
  },
  "a74ce17a-048e-47c4-a2ff-558a80611a9f": {
    "asset": 1577102256363,
    "meta": 1577102261678,
    "relativePath": "Script\\Enemy1.js"
  },
  "d0c1bd96-44a5-4c5c-b910-2f0a45961f0c": {
    "asset": 1577106692114,
    "meta": 1577106694118,
    "relativePath": "F5\\res\\Maps of BeiGuan\\4-F5.tmx"
  },
  "430eccbf-bf2c-4e6e-8c0c-884bbb487f32": {
    "asset": 1571803370000,
    "meta": 1577107134306,
    "relativePath": "effects\\__builtin-editor-gizmo-line.effect"
  },
  "6c5cf6e1-b044-4eac-9431-835644d57381": {
    "asset": 1571803370000,
    "meta": 1577107134346,
    "relativePath": "effects\\__builtin-editor-gizmo-unlit.effect"
  },
  "115286d1-2e10-49ee-aab4-341583f607e8": {
    "asset": 1571803370000,
    "meta": 1577107134474,
    "relativePath": "effects\\__builtin-editor-gizmo.effect"
  },
  "abc2cb62-7852-4525-a90d-d474487b88f2": {
    "asset": 1571803370000,
    "meta": 1577107134477,
    "relativePath": "effects\\builtin-phong.effect"
  },
  "71561142-4c83-4933-afca-cb7a17f67053": {
    "asset": 1571803370000,
    "meta": 1577107134588,
    "relativePath": "image\\default_btn_disabled.png"
  },
  "e851e89b-faa2-4484-bea6-5c01dd9f06e2": {
    "asset": 1571803370000,
    "meta": 1577107134589,
    "relativePath": "image\\default_btn_normal.png"
  },
  "edd215b9-2796-4a05-aaf5-81f96c9281ce": {
    "asset": 1571803370000,
    "meta": 1577107134636,
    "relativePath": "image\\default_editbox_bg.png"
  },
  "b43ff3c2-02bb-4874-81f7-f2dea6970f18": {
    "asset": 1571803370000,
    "meta": 1577107134661,
    "relativePath": "image\\default_btn_pressed.png"
  },
  "d81ec8ad-247c-4e62-aa3c-d35c4193c7af": {
    "asset": 1571803370000,
    "meta": 1577107134706,
    "relativePath": "image\\default_panel.png"
  },
  "99170b0b-d210-46f1-b213-7d9e3f23098a": {
    "asset": 1571803370000,
    "meta": 1577107134712,
    "relativePath": "image\\default_progressbar_bg.png"
  },
  "cfef78f1-c8df-49b7-8ed0-4c953ace2621": {
    "asset": 1571803370000,
    "meta": 1577107134740,
    "relativePath": "image\\default_progressbar.png"
  },
  "567dcd80-8bf4-4535-8a5a-313f1caf078a": {
    "asset": 1571803370000,
    "meta": 1577107134750,
    "relativePath": "image\\default_radio_button_off.png"
  },
  "9d60001f-b5f4-4726-a629-2659e3ded0b8": {
    "asset": 1571803370000,
    "meta": 1577107134769,
    "relativePath": "image\\default_radio_button_on.png"
  },
  "4bab67cb-18e6-4099-b840-355f0473f890": {
    "asset": 1571803370000,
    "meta": 1577107134783,
    "relativePath": "image\\default_scrollbar_bg.png"
  },
  "617323dd-11f4-4dd3-8eec-0caf6b3b45b9": {
    "asset": 1571803370000,
    "meta": 1577107134804,
    "relativePath": "image\\default_scrollbar_vertical_bg.png"
  },
  "d6d3ca85-4681-47c1-b5dd-d036a9d39ea2": {
    "asset": 1571803370000,
    "meta": 1577107134829,
    "relativePath": "image\\default_scrollbar_vertical.png"
  },
  "0291c134-b3da-4098-b7b5-e397edbe947f": {
    "asset": 1571803370000,
    "meta": 1577107134837,
    "relativePath": "image\\default_scrollbar.png"
  },
  "0275e94c-56a7-410f-bd1a-fc7483f7d14a": {
    "asset": 1571803370000,
    "meta": 1577107134857,
    "relativePath": "image\\default_sprite_splash.png"
  },
  "6e056173-d285-473c-b206-40a7fff5386e": {
    "asset": 1571803370000,
    "meta": 1577107134867,
    "relativePath": "image\\default_sprite.png"
  },
  "73a0903d-d80e-4e3c-aa67-f999543c08f5": {
    "asset": 1571803370000,
    "meta": 1577107134892,
    "relativePath": "image\\default_toggle_checkmark.png"
  },
  "c25b9d50-c8fc-4d27-beeb-6e7c1f2e5c0f": {
    "asset": 1571803370000,
    "meta": 1577107134900,
    "relativePath": "image\\default_toggle_disabled.png"
  },
  "d29077ba-1627-4a72-9579-7b56a235340c": {
    "asset": 1571803370000,
    "meta": 1577107134920,
    "relativePath": "image\\default_toggle_normal.png"
  },
  "c4480a0a-6ac5-443f-8b40-361a14257fc8": {
    "asset": 1571803370000,
    "meta": 1577107134927,
    "relativePath": "materials\\builtin-phong.mtl"
  },
  "b181c1e4-0a72-4a91-bfb0-ae6f36ca60bd": {
    "asset": 1571803370000,
    "meta": 1577107134933,
    "relativePath": "image\\default_toggle_pressed.png"
  },
  "a87cc147-01b2-43f8-8e42-a7ca90b0c757": {
    "asset": 1571803370000,
    "meta": 1577107134949,
    "relativePath": "model\\prefab\\box.prefab"
  },
  "2be36297-9abb-4fee-8049-9ed5e271da8a": {
    "asset": 1571803370000,
    "meta": 1577107134960,
    "relativePath": "misc\\default_video.mp4"
  },
  "fe1417b6-fe6b-46a4-ae7c-9fd331f33a2a": {
    "asset": 1571803370000,
    "meta": 1577107134971,
    "relativePath": "model\\prefab\\capsule.prefab"
  },
  "b5fc2cf2-7942-483d-be1f-bbeadc4714ad": {
    "asset": 1571803370000,
    "meta": 1577107134976,
    "relativePath": "model\\prefab\\cone.prefab"
  },
  "1c5e4038-953a-44c2-b620-0bbfc6170477": {
    "asset": 1571803370000,
    "meta": 1577107134982,
    "relativePath": "model\\prefab\\cylinder.prefab"
  },
  "3f376125-a699-40ca-ad05-04d662eaa1f2": {
    "asset": 1571803370000,
    "meta": 1577107134986,
    "relativePath": "model\\prefab\\plane.prefab"
  },
  "6c9ef10d-b479-420b-bfe6-39cdda6a8ae0": {
    "asset": 1571803370000,
    "meta": 1577107134989,
    "relativePath": "model\\prefab\\quad.prefab"
  },
  "2d9a4b85-b0ab-4c46-84c5-18f393ab2058": {
    "asset": 1571803370000,
    "meta": 1577107134992,
    "relativePath": "model\\prefab\\sphere.prefab"
  },
  "de510076-056b-484f-b94c-83bef217d0e1": {
    "asset": 1571803370000,
    "meta": 1577107135300,
    "relativePath": "model\\prefab\\torus.prefab"
  },
  "8a96b965-2dc0-4e03-aa90-3b79cb93b5b4": {
    "asset": 1571803370000,
    "meta": 1577107135333,
    "relativePath": "obsolete\\atom.png"
  },
  "b8223619-7e38-47c4-841f-9160c232495a": {
    "asset": 1571803370000,
    "meta": 1577107135715,
    "relativePath": "obsolete\\atom.plist"
  },
  "d0a82d39-bede-46c4-b698-c81ff0dedfff": {
    "asset": 1571803370000,
    "meta": 1577107135359,
    "relativePath": "particle\\atom.png"
  },
  "b2687ac4-099e-403c-a192-ff477686f4f5": {
    "asset": 1571803370000,
    "meta": 1577107135717,
    "relativePath": "particle\\atom.plist"
  },
  "972b9a4d-47ee-4c74-b5c3-61d8a69bc29f": {
    "asset": 1571803370000,
    "meta": 1577107135365,
    "relativePath": "prefab\\button.prefab"
  },
  "897ef7a1-4860-4f64-968d-f5924b18668a": {
    "asset": 1571803370000,
    "meta": 1577107135371,
    "relativePath": "prefab\\camera.prefab"
  },
  "2c937608-2562-40ea-b264-7395df6f0cea": {
    "asset": 1571803370000,
    "meta": 1577107135375,
    "relativePath": "prefab\\canvas.prefab"
  },
  "61aeb05b-3b32-452b-8eed-2b76deeed554": {
    "asset": 1571803370000,
    "meta": 1577107135380,
    "relativePath": "prefab\\editbox.prefab"
  },
  "27756ebb-3d33-44b0-9b96-e858fadd4dd4": {
    "asset": 1571803370000,
    "meta": 1577107135385,
    "relativePath": "prefab\\label.prefab"
  },
  "785a442c-3ceb-45be-a46e-7317f625f3b9": {
    "asset": 1571803370000,
    "meta": 1577107135390,
    "relativePath": "prefab\\layout.prefab"
  },
  "ddb99b39-7004-47cd-9705-751905c43c46": {
    "asset": 1571803370000,
    "meta": 1577107135394,
    "relativePath": "prefab\\light.prefab"
  },
  "ca8401fe-ad6e-41a8-bd46-8e3e4e9945be": {
    "asset": 1571803370000,
    "meta": 1577107135400,
    "relativePath": "prefab\\pageview.prefab"
  },
  "cd33edea-55f5-46c2-958d-357a01384a36": {
    "asset": 1571803370000,
    "meta": 1577107135405,
    "relativePath": "prefab\\particlesystem.prefab"
  },
  "5965ffac-69da-4b55-bcde-9225d0613c28": {
    "asset": 1571803370000,
    "meta": 1577107135409,
    "relativePath": "prefab\\progressBar.prefab"
  },
  "4a37dd57-78cd-4cec-aad4-f11a73d12b63": {
    "asset": 1571803370000,
    "meta": 1577107135413,
    "relativePath": "prefab\\richtext.prefab"
  },
  "32044bd2-481f-4cf1-a656-e2b2fb1594eb": {
    "asset": 1571803370000,
    "meta": 1577107135420,
    "relativePath": "prefab\\scrollview.prefab"
  },
  "0004d1cf-a0ad-47d8-ab17-34d3db9d35a3": {
    "asset": 1571803370000,
    "meta": 1577107135425,
    "relativePath": "prefab\\slider.prefab"
  },
  "1f55e3be-b89b-4b79-88de-47fd31018044": {
    "asset": 1571803370000,
    "meta": 1577107135430,
    "relativePath": "prefab\\sprite_splash.prefab"
  },
  "96083d03-c332-4a3f-9386-d03e2d19e8ee": {
    "asset": 1571803370000,
    "meta": 1577107135435,
    "relativePath": "prefab\\sprite.prefab"
  },
  "7de03a80-4457-438d-95a7-3e7cdffd6086": {
    "asset": 1571803370000,
    "meta": 1577107135438,
    "relativePath": "prefab\\tiledmap.prefab"
  },
  "0e42ba95-1fa1-46aa-b2cf-143cd1bcee2c": {
    "asset": 1571803370000,
    "meta": 1577107135443,
    "relativePath": "prefab\\tiledtile.prefab"
  },
  "0d784963-d024-4ea6-a7db-03be0ad63010": {
    "asset": 1571803370000,
    "meta": 1577107135448,
    "relativePath": "prefab\\toggle.prefab"
  },
  "bf0a434c-84dd-4a8e-a08a-7a36f180cc75": {
    "asset": 1571803370000,
    "meta": 1577107135454,
    "relativePath": "prefab\\toggleContainer.prefab"
  },
  "d1b8be49-b0a0-435c-83b7-552bed4bbe35": {
    "asset": 1571803370000,
    "meta": 1577107135458,
    "relativePath": "prefab\\toggleGroup.prefab"
  },
  "232d2782-c4bd-4bb4-9e01-909f03d6d3b9": {
    "asset": 1571803370000,
    "meta": 1577107135462,
    "relativePath": "prefab\\videoplayer.prefab"
  },
  "8c5001fd-07ee-4a4b-a8a0-63e15195e94d": {
    "asset": 1571803370000,
    "meta": 1577107135466,
    "relativePath": "prefab\\webview.prefab"
  },
  "144c3297-af63-49e8-b8ef-1cfa29b3be28": {
    "asset": 1571803370000,
    "meta": 1577107135476,
    "relativePath": "resources\\effects\\builtin-2d-gray-sprite.effect"
  },
  "0e93aeaa-0b53-4e40-b8e0-6268b4e07bd7": {
    "asset": 1571803370000,
    "meta": 1577107135488,
    "relativePath": "resources\\effects\\builtin-2d-spine.effect"
  },
  "2874f8dd-416c-4440-81b7-555975426e93": {
    "asset": 1571803370000,
    "meta": 1577107135498,
    "relativePath": "resources\\effects\\builtin-2d-sprite.effect"
  },
  "c0040c95-c57f-49cd-9cbc-12316b73d0d4": {
    "asset": 1571803370000,
    "meta": 1577107135507,
    "relativePath": "resources\\effects\\builtin-clear-stencil.effect"
  },
  "79eafaef-b7ef-45d9-9c3f-591dc836fc7a": {
    "asset": 1571803370000,
    "meta": 1577107135546,
    "relativePath": "resources\\effects\\builtin-unlit-transparent.effect"
  },
  "6d91e591-4ce0-465c-809f-610ec95019c6": {
    "asset": 1571803370000,
    "meta": 1577107135575,
    "relativePath": "resources\\effects\\builtin-unlit.effect"
  },
  "6f801092-0c37-4f30-89ef-c8d960825b36": {
    "asset": 1571803370000,
    "meta": 1577107135604,
    "relativePath": "resources\\materials\\builtin-2d-base.mtl"
  },
  "3a7bb79f-32fd-422e-ada2-96f518fed422": {
    "asset": 1571803370000,
    "meta": 1577107135611,
    "relativePath": "resources\\materials\\builtin-2d-gray-sprite.mtl"
  },
  "7afd064b-113f-480e-b793-8817d19f63c3": {
    "asset": 1571803370000,
    "meta": 1577107135618,
    "relativePath": "resources\\materials\\builtin-2d-spine.mtl"
  },
  "eca5d2f2-8ef6-41c2-bbe6-f9c79d09c432": {
    "asset": 1571803370000,
    "meta": 1577107135631,
    "relativePath": "resources\\materials\\builtin-2d-sprite.mtl"
  },
  "cf7e0bb8-a81c-44a9-ad79-d28d43991032": {
    "asset": 1571803370000,
    "meta": 1577107135656,
    "relativePath": "resources\\materials\\builtin-clear-stencil.mtl"
  },
  "2a296057-247c-4a1c-bbeb-0548b6c98650": {
    "asset": 1571803370000,
    "meta": 1577107135660,
    "relativePath": "resources\\materials\\builtin-unlit.mtl"
  },
  "954fec8b-cd16-4bb9-a3b7-7719660e7558": {
    "asset": 1571803370000,
    "meta": 1577107140988,
    "relativePath": "model\\primitives.fbx"
  }
}